Eksāmens;Novads;Iestāde; Iestādes vidējais ;Kārtotāju skaits;0-9%;10-19%;20-29%;30-39%;40-49%;50-59%;60-69%;70-79%;80-89%;90-100%
Eksāmens matemātikā 9.klasei;Aizkraukles novads;Aizkraukles novada vidusskola; 58,1   ;74;1;1;5;12;6;11;14;7;11;6
Eksāmens matemātikā 9.klasei;Aizkraukles novads;Andreja Upīša Skrīveru vidusskola; 66,2   ;48;;;3;3;4;6;8;8;12;4
Eksāmens matemātikā 9.klasei;Aizkraukles novads;Bebru pamatskola; 29,1   ;13;1;8;;;;2;;;2;
Eksāmens matemātikā 9.klasei;Aizkraukles novads;Daudzeses pamatskola; 29,5   ;2;;;1;1;;;;;;
Eksāmens matemātikā 9.klasei;Aizkraukles novads;Ilmāra Gaiša Kokneses vidusskola; 56,0   ;28;;1;4;4;3;3;3;4;1;5
Eksāmens matemātikā 9.klasei;Aizkraukles novads;Jaunjelgavas vidusskola; 47,9   ;17;;4;3;1;1;1;1;3;1;2
Eksāmens matemātikā 9.klasei;Aizkraukles novads;Mazzalves pamatskola; 41,5   ;8;;;4;;;3;;1;;
Eksāmens matemātikā 9.klasei;Aizkraukles novads;Neretas Jāņa Jaunsudrabiņa vidusskola; 47,5   ;13;;2;1;2;3;1;2;;1;1
Eksāmens matemātikā 9.klasei;Aizkraukles novads;Pļaviņu vidusskola; 49,4   ;35;2;2;5;4;5;3;5;4;5;
Eksāmens matemātikā 9.klasei;Aizkraukles novads;Seces pamatskola; 78,3   ;6;;;;;1;;;2;1;2
Eksāmens matemātikā 9.klasei;Alūksnes novads;Alekseja Grāvīša Liepnas pamatskola; 18,1   ;14;4;6;1;1;1;1;;;;
Eksāmens matemātikā 9.klasei;Alūksnes novads;Alūksnes novada vidusskola; 22,5   ;26;4;9;5;5;1;2;;;;
Eksāmens matemātikā 9.klasei;Alūksnes novads;Bejas pamatskola; 36,7   ;7;1;;1;2;1;2;;;;
Eksāmens matemātikā 9.klasei;Alūksnes novads;Ernsta Glika Alūksnes Valsts ģimnāzija; 59,2   ;51;;;2;4;12;10;5;8;8;2
Eksāmens matemātikā 9.klasei;Alūksnes novads;Jaunannas Mūzikas un mākslas pamatskola; 71,4   ;7;;;;1;;;1;2;2;1
Eksāmens matemātikā 9.klasei;Alūksnes novads;Malienas pamatskola; 20,4   ;11;;7;2;;2;;;;;
Eksāmens matemātikā 9.klasei;Alūksnes novads;Strautiņu pamatskola; 33,3   ;12;1;3;2;1;2;2;1;;;
Eksāmens matemātikā 9.klasei;Alūksnes novads;Ziemeru pamatskola; 54,6   ;9;;;;2;1;2;2;2;;
Eksāmens matemātikā 9.klasei;Augšdaugavas novads;Bebrenes vispārizglītojošā un profesionālā vidusskola; 51,1   ;9;;;1;3;1;1;1;;2;
Eksāmens matemātikā 9.klasei;Augšdaugavas novads;Biķernieku pamatskola; 48,5   ;6;;;;3;1;;;2;;
Eksāmens matemātikā 9.klasei;Augšdaugavas novads;Ilūkstes Raiņa vidusskola; 57,0   ;34;1;2;2;7;1;3;5;4;6;3
Eksāmens matemātikā 9.klasei;Augšdaugavas novads;Kalupes pamatskola; 44,4   ;5;;;;2;1;2;;;;
Eksāmens matemātikā 9.klasei;Augšdaugavas novads;Laucesas pamatskola; 35,8   ;16;;3;6;2;2;;1;1;1;
Eksāmens matemātikā 9.klasei;Augšdaugavas novads;Lāču pamatskola; 48,8   ;9;;2;1;1;1;;1;1;1;1
Eksāmens matemātikā 9.klasei;Augšdaugavas novads;Naujenes pamatskola; 51,9   ;9;;;;2;1;4;2;;;
Eksāmens matemātikā 9.klasei;Augšdaugavas novads;Randenes pamatskola; 61,1   ;7;;;;1;2;;2;;1;1
Eksāmens matemātikā 9.klasei;Augšdaugavas novads;Salienas vidusskola; 47,9   ;13;;;1;4;3;3;1;;;1
Eksāmens matemātikā 9.klasei;Augšdaugavas novads;Sventes vidusskola; 62,5   ;16;;;;1;5;2;1;2;4;1
Eksāmens matemātikā 9.klasei;Augšdaugavas novads;Špoģu vidusskola; 45,8   ;26;;5;4;3;3;3;;5;3;
Eksāmens matemātikā 9.klasei;Augšdaugavas novads;Zemgales vidusskola; 66,2   ;5;;;;;1;2;;1;;1
Eksāmens matemātikā 9.klasei;Ādažu novads;Ādažu vidusskola; 60,9   ;169;3;9;10;13;21;18;24;24;27;20
Eksāmens matemātikā 9.klasei;Ādažu novads;Carnikavas pamatskola; 56,6   ;44;1;3;7;4;2;5;2;8;7;5
Eksāmens matemātikā 9.klasei;Ādažu novads;Privātā vidusskola Ādažu Brīvā Valdorfa skola; 56,2   ;20;;;2;3;4;2;4;1;3;1
Eksāmens matemātikā 9.klasei;Balvu novads;Baltinavas vidusskola; 28,1   ;9;;4;3;1;;;1;;;
Eksāmens matemātikā 9.klasei;Balvu novads;Balvu profesionālā un vispārizglītojošā vidusskola; 22,3   ;28;2;12;7;4;2;1;;;;
Eksāmens matemātikā 9.klasei;Balvu novads;Balvu Valsts ģimnāzija; 53,6   ;56;1;3;8;6;6;7;9;7;7;2
Eksāmens matemātikā 9.klasei;Balvu novads;Bērzpils pamatskola; 39,0   ;5;;1;1;1;1;;1;;;
Eksāmens matemātikā 9.klasei;Balvu novads;Eglaines pamatskola; 57,0   ;6;;;;;2;2;;1;1;
Eksāmens matemātikā 9.klasei;Balvu novads;Rekavas vidusskola; 62,0   ;9;;;1;1;2;;;2;2;1
Eksāmens matemātikā 9.klasei;Balvu novads;Rugāju vidusskola; 37,5   ;22;;1;7;8;2;1;2;;1;
Eksāmens matemātikā 9.klasei;Balvu novads;Stacijas pamatskola; 45,8   ;6;;1;1;;2;;1;;1;
Eksāmens matemātikā 9.klasei;Balvu novads;Tilžas pamatskola; 37,9   ;7;;2;1;;1;2;1;;;
Eksāmens matemātikā 9.klasei;Balvu novads;Viduču pamatskola; 50,1   ;7;;;1;2;2;;1;;;1
Eksāmens matemātikā 9.klasei;Balvu novads;Viļakas Valsts ģimnāzija; 53,5   ;15;;;4;1;2;2;1;2;2;1
Eksāmens matemātikā 9.klasei;Bauskas novads;Bauskas 2. vidusskola; 47,1   ;56;5;7;4;6;8;7;6;7;1;5
Eksāmens matemātikā 9.klasei;Bauskas novads;Bauskas pilsētas pamatskola; 42,9   ;35;2;7;5;3;1;6;4;6;1;
Eksāmens matemātikā 9.klasei;Bauskas novads;Bauskas Valsts ģimnāzija; 57,7   ;63;;1;4;13;7;9;9;6;10;4
Eksāmens matemātikā 9.klasei;Bauskas novads;Codes pamatskola; 42,1   ;14;;2;2;3;3;1;1;1;1;
Eksāmens matemātikā 9.klasei;Bauskas novads;Griķu pamatskola; 29,1   ;9;1;1;2;2;3;;;;;
Eksāmens matemātikā 9.klasei;Bauskas novads;Iecavas pamatskola; 26,5   ;15;;7;4;1;1;;2;;;
Eksāmens matemātikā 9.klasei;Bauskas novads;Iecavas vidusskola; 49,6   ;77;1;11;12;8;6;6;10;9;8;6
Eksāmens matemātikā 9.klasei;Bauskas novads;Īslīces pamatskola; 26,6   ;17;4;4;2;2;4;;;;1;
Eksāmens matemātikā 9.klasei;Bauskas novads;Misas pamatskola; 45,6   ;10;;2;2;1;1;;1;1;2;
Eksāmens matemātikā 9.klasei;Bauskas novads;Pilsrundāles vidusskola; 57,9   ;29;;;4;4;3;3;5;3;5;2
Eksāmens matemātikā 9.klasei;Bauskas novads;Skaistkalnes vidusskola; 27,6   ;16;;7;4;3;;1;;;1;
Eksāmens matemātikā 9.klasei;Bauskas novads;Uzvaras pamatskola; 49,3   ;18;;;3;4;2;4;2;1;1;1
Eksāmens matemātikā 9.klasei;Bauskas novads;Valles pamatskola; 47,7   ;7;;;2;;2;1;1;;1;
Eksāmens matemātikā 9.klasei;Bauskas novads;Vecsaules pamatskola; 27,8   ;9;1;3;2;2;;;;;1;
Eksāmens matemātikā 9.klasei;Bauskas novads;Vecumnieku vidusskola; 45,0   ;37;1;5;9;4;3;4;4;1;3;3
Eksāmens matemātikā 9.klasei;Cēsu novads;Amatas pamatskola; 27,8   ;9;1;2;2;1;3;;;;;
Eksāmens matemātikā 9.klasei;Cēsu novads;Cēsu 1. pamatskola; 53,6   ;24;;;1;7;5;3;2;;5;1
Eksāmens matemātikā 9.klasei;Cēsu novads;Cēsu 2. pamatskola; 35,5   ;35;;9;9;2;6;3;5;;1;
Eksāmens matemātikā 9.klasei;Cēsu novads;Cēsu Bērzaines pamatskola-attīstības centrs; 61,7   ;6;;;;;;2;4;;;
Eksāmens matemātikā 9.klasei;Cēsu novads;Cēsu Jaunā vidusskola; 53,0   ;8;;1;2;1;;;;2;2;
Eksāmens matemātikā 9.klasei;Cēsu novads;Cēsu Pilsētas vidusskola; 48,5   ;59;;3;9;8;10;9;11;5;2;2
Eksāmens matemātikā 9.klasei;Cēsu novads;Cēsu Valsts ģimnāzija; 77,4   ;54;;;;;4;6;3;12;17;12
Eksāmens matemātikā 9.klasei;Cēsu novads;Draudzīgā Aicinājuma Cēsu Valsts ģimnāzija; 65,1   ;36;;;1;3;4;6;5;8;5;4
Eksāmens matemātikā 9.klasei;Cēsu novads;Dzērbenes vispārizglītojošā un mūzikas pamatskola; 31,4   ;5;1;;2;;1;1;;;;
Eksāmens matemātikā 9.klasei;Cēsu novads;Jauno Līderu vidusskola; 34,2   ;16;2;3;2;;5;3;1;;;
Eksāmens matemātikā 9.klasei;Cēsu novads;Jaunpiebalgas vidusskola; 51,5   ;22;1;1;3;1;5;4;1;2;2;2
Eksāmens matemātikā 9.klasei;Cēsu novads;Liepas pamatskola; 32,5   ;11;;5;2;1;1;;;1;;1
Eksāmens matemātikā 9.klasei;Cēsu novads;Nītaures mūzikas un mākslas pamatskola; 51,7   ;3;;;;;1;1;1;;;
Eksāmens matemātikā 9.klasei;Cēsu novads;Priekuļu vidusskola; 41,4   ;37;;7;8;5;3;4;3;6;1;
Eksāmens matemātikā 9.klasei;Cēsu novads;Rāmuļu pamatskola; 20,5   ;8;1;4;1;;2;;;;;
Eksāmens matemātikā 9.klasei;Cēsu novads;Skujenes pamatskola; 23,5   ;6;;2;3;;1;;;;;
Eksāmens matemātikā 9.klasei;Cēsu novads;Stalbes pamatskola; 22,7   ;7;;4;;3;;;;;;
Eksāmens matemātikā 9.klasei;Cēsu novads;Straupes pamatskola; 34,7   ;6;;2;;2;1;;1;;;
Eksāmens matemātikā 9.klasei;Cēsu novads;Vecpiebalgas vidusskola; 27,1   ;18;4;5;4;2;;;1;;1;1
Eksāmens matemātikā 9.klasei;Cēsu novads;Zaubes pamatskola; 52,0   ;2;;;1;;;;;;1;
Eksāmens matemātikā 9.klasei;Daugavpils;18. NOVEMBRA IELA 66A, DAUGAVPILS, LV-5401; 41,2   ;11;;;1;4;4;2;;;;
Eksāmens matemātikā 9.klasei;Daugavpils;AVEŅU IELA 40, DAUGAVPILS, LV-5422; 36,3   ;62;4;17;12;5;6;6;2;4;3;3
Eksāmens matemātikā 9.klasei;Daugavpils;Daugavpils 11. pamatskola; 17,3   ;20;9;3;3;5;;;;;;
Eksāmens matemātikā 9.klasei;Daugavpils;Daugavpils Centra vidusskola; 53,1   ;54;2;5;4;7;7;3;11;5;7;3
Eksāmens matemātikā 9.klasei;Daugavpils;Daugavpils Iespēju vidusskola; 42,2   ;147;11;13;29;19;18;17;14;17;7;2
Eksāmens matemātikā 9.klasei;Daugavpils;Daugavpils Saskaņas pamatskola; 66,8   ;49;;2;2;4;4;3;4;14;10;6
Eksāmens matemātikā 9.klasei;Daugavpils;Daugavpils Stropu pamatskola - attīstības centrs; 30,8   ;13;1;1;5;2;3;1;;;;
Eksāmens matemātikā 9.klasei;Daugavpils;Daugavpils Tehnoloģiju vidusskola - licejs; 84,3   ;57;;;;1;;2;4;9;16;25
Eksāmens matemātikā 9.klasei;Daugavpils;Daugavpils Valsts ģimnāzija; 72,8   ;52;;;1;3;4;3;9;10;8;14
Eksāmens matemātikā 9.klasei;Daugavpils;Daugavpils Valstspilsētas vidusskola; 36,9   ;88;6;18;13;17;7;11;7;6;;3
Eksāmens matemātikā 9.klasei;Daugavpils;Daugavpils Vienības pamatskola; 44,6   ;24;1;2;1;7;3;3;4;2;;1
Eksāmens matemātikā 9.klasei;Daugavpils;Daugavpils Zinātņu vidusskola; 56,1   ;123;;7;7;18;20;17;13;14;20;7
Eksāmens matemātikā 9.klasei;Daugavpils;J. Raiņa Daugavpils 6. pamatskola; 25,3   ;26;4;10;3;3;1;4;1;;;
Eksāmens matemātikā 9.klasei;Daugavpils;J.Pilsudska Daugavpils valsts poļu ģimnāzija; 61,6   ;37;;1;1;5;4;3;8;6;6;3
Eksāmens matemātikā 9.klasei;Daugavpils;VALMIERAS IELA 5, DAUGAVPILS, LV-5404; 31,3   ;19;1;3;3;8;3;;1;;;
Eksāmens matemātikā 9.klasei;Dienvidkurzemes novads;Aizputes pagasta pamatskola; 30,7   ;9;2;1;2;;2;2;;;;
Eksāmens matemātikā 9.klasei;Dienvidkurzemes novads;Aizputes vidusskola; 33,9   ;43;7;11;7;4;1;3;5;4;1;
Eksāmens matemātikā 9.klasei;Dienvidkurzemes novads;Ata Kronvalda Durbes pamatskola; 53,3   ;18;;1;2;5;1;3;;1;3;2
Eksāmens matemātikā 9.klasei;Dienvidkurzemes novads;Dienvidkurzemes 2. vidusskola; 32,5   ;10;;1;4;3;1;;1;;;
Eksāmens matemātikā 9.klasei;Dienvidkurzemes novads;Dzērves pamatskola; 40,4   ;5;;;3;;;;1;1;;
Eksāmens matemātikā 9.klasei;Dienvidkurzemes novads;Kalētu Mūzikas un mākslas pamatskola; 50,1   ;8;;1;;2;1;;2;1;1;
Eksāmens matemātikā 9.klasei;Dienvidkurzemes novads;Kalvenes pamatskola; 58,4   ;7;1;;1;;;1;2;;1;1
Eksāmens matemātikā 9.klasei;Dienvidkurzemes novads;Krotes Kronvalda Ata pamatskola; 34,1   ;10;1;3;1;2;;;2;1;;
Eksāmens matemātikā 9.klasei;Dienvidkurzemes novads;Māteru Jura Kazdangas pamatskola; 48,4   ;14;;3;2;;1;3;3;;1;1
Eksāmens matemātikā 9.klasei;Dienvidkurzemes novads;Nīcas vidusskola; 50,6   ;31;;2;8;2;5;2;4;2;3;3
Eksāmens matemātikā 9.klasei;Dienvidkurzemes novads;Pāvilostas pamatskola; 54,5   ;6;;;1;2;;;1;;2;
Eksāmens matemātikā 9.klasei;Dienvidkurzemes novads;Priekules vidusskola; 41,7   ;21;1;4;4;2;3;1;2;1;1;2
Eksāmens matemātikā 9.klasei;Dienvidkurzemes novads;Rucavas pamatskola; 45,6   ;5;;;;1;3;;;1;;
Eksāmens matemātikā 9.klasei;Dienvidkurzemes novads;Vaiņodes vidusskola; 44,9   ;16;;2;3;2;2;2;3;;2;
Eksāmens matemātikā 9.klasei;Dienvidkurzemes novads;Vērgales pamatskola; 33,4   ;15;1;4;3;3;;2;1;1;;
Eksāmens matemātikā 9.klasei;Dienvidkurzemes novads;Zentas Mauriņas Grobiņas vidusskola; 40,7   ;86;6;12;19;13;7;5;8;8;5;3
Eksāmens matemātikā 9.klasei;Dobeles novads;Annas Brigaderes pamatskola; 37,2   ;9;;2;1;;5;;;1;;
Eksāmens matemātikā 9.klasei;Dobeles novads;Auces vidusskola; 40,7   ;46;4;7;7;6;5;5;5;5;2;
Eksāmens matemātikā 9.klasei;Dobeles novads;Augstkalnes pamatskola; 36,4   ;19;1;6;2;3;2;1;;2;1;1
Eksāmens matemātikā 9.klasei;Dobeles novads;Bēnes pamatskola; 24,6   ;17;3;5;3;3;1;1;1;;;
Eksāmens matemātikā 9.klasei;Dobeles novads;Bikstu pamatskola; 40,4   ;9;;2;2;1;;2;1;;1;
Eksāmens matemātikā 9.klasei;Dobeles novads;Dobeles 1. vidusskola; 35,5   ;79;3;13;14;19;12;9;6;3;;
Eksāmens matemātikā 9.klasei;Dobeles novads;Dobeles Amatniecības un vispārizglītojošā vidusskola; 10,0   ;5;2;3;;;;;;;;
Eksāmens matemātikā 9.klasei;Dobeles novads;Dobeles Valsts ģimnāzija; 72,0   ;53;;;1;7;1;5;6;8;12;13
Eksāmens matemātikā 9.klasei;Dobeles novads;Gardenes pamatskola; 34,2   ;5;;2;1;1;;;;;1;
Eksāmens matemātikā 9.klasei;Dobeles novads;Mežinieku pamatskola; 18,2   ;9;5;1;;2;;1;;;;
Eksāmens matemātikā 9.klasei;Dobeles novads;Penkules pamatskola; 37,7   ;10;;1;3;3;1;;1;;1;
Eksāmens matemātikā 9.klasei;Gulbenes novads;Gulbenes novada vidusskola; 45,0   ;86;1;10;10;18;10;11;16;4;4;2
Eksāmens matemātikā 9.klasei;Gulbenes novads;Gulbīša pamatskola; 38,5   ;4;;1;1;1;;;;;1;
Eksāmens matemātikā 9.klasei;Gulbenes novads;Lejasciema pamatskola; 47,0   ;11;;;2;3;1;2;1;1;1;
Eksāmens matemātikā 9.klasei;Gulbenes novads;Lizuma pamatskola; 50,8   ;12;;;;4;3;1;2;1;1;
Eksāmens matemātikā 9.klasei;Gulbenes novads;Rankas pamatskola; 20,2   ;5;3;1;;;;;1;;;
Eksāmens matemātikā 9.klasei;Gulbenes novads;Stāķu pamatskola; 34,1   ;10;1;2;2;2;1;1;;1;;
Eksāmens matemātikā 9.klasei;Gulbenes novads;Tirzas pamatskola; 23,6   ;11;3;2;3;;2;;1;;;
Eksāmens matemātikā 9.klasei;Jelgava;Jelgavas 4. vidusskola; 44,0   ;109;2;8;25;19;10;23;7;5;8;2
Eksāmens matemātikā 9.klasei;Jelgava;Jelgavas 5. vidusskola; 60,3   ;64;;3;5;4;7;9;12;9;11;4
Eksāmens matemātikā 9.klasei;Jelgava;Jelgavas Amatu vidusskola; 9,8   ;29;15;12;;2;;;;;;
Eksāmens matemātikā 9.klasei;Jelgava;Jelgavas Centra pamatskola; 32,2   ;55;5;12;11;10;7;4;3;3;;
Eksāmens matemātikā 9.klasei;Jelgava;Jelgavas cietums; 35,0   ;3;;;;2;1;;;;;
Eksāmens matemātikā 9.klasei;Jelgava;"Jelgavas pamatskola ""Valdeka"" - attīstības centrs"; 54,0   ;3;;;;1;1;;;;1;
Eksāmens matemātikā 9.klasei;Jelgava;Jelgavas Pārlielupes pamatskola; 37,8   ;45;4;10;9;4;4;4;2;2;4;2
Eksāmens matemātikā 9.klasei;Jelgava;Jelgavas Spīdolas Valsts ģimnāzija; 52,8   ;111;;6;12;15;17;17;19;10;10;5
Eksāmens matemātikā 9.klasei;Jelgava;Jelgavas Tehnoloģiju vidusskola; 35,8   ;79;5;10;20;15;10;7;6;3;3;
Eksāmens matemātikā 9.klasei;Jelgava;Jelgavas Valsts ģimnāzija; 70,1   ;173;;2;4;7;13;21;21;39;36;30
Eksāmens matemātikā 9.klasei;Jelgavas novads;Aizupes pamatskola; 30,8   ;20;4;3;4;3;3;1;;1;;1
Eksāmens matemātikā 9.klasei;Jelgavas novads;Elejas vidusskola; 38,3   ;31;2;5;5;8;1;3;5;1;1;
Eksāmens matemātikā 9.klasei;Jelgavas novads;Garozas pamatskola; 24,0   ;6;1;1;3;;1;;;;;
Eksāmens matemātikā 9.klasei;Jelgavas novads;Jelgavas novada Neklātienes vidusskola; 28,8   ;12;2;1;5;1;1;1;1;;;
Eksāmens matemātikā 9.klasei;Jelgavas novads;Kalnciema pagasta pamatskola; 7,3   ;3;2;1;;;;;;;;
Eksāmens matemātikā 9.klasei;Jelgavas novads;Kalnciema vidusskola; 33,0   ;24;5;3;3;4;3;3;1;2;;
Eksāmens matemātikā 9.klasei;Jelgavas novads;Līvbērzes pamatskola; 32,4   ;14;;5;4;2;;;1;1;1;
Eksāmens matemātikā 9.klasei;Jelgavas novads;Ozolnieku vidusskola; 44,5   ;54;;8;7;9;11;5;5;5;2;2
Eksāmens matemātikā 9.klasei;Jelgavas novads;Sesavas pamatskola; 13,9   ;10;4;3;3;;;;;;;
Eksāmens matemātikā 9.klasei;Jelgavas novads;Staļģenes vidusskola; 40,4   ;24;2;3;6;2;2;3;;4;2;
Eksāmens matemātikā 9.klasei;Jelgavas novads;Svētes pamatskola; 50,3   ;16;;1;;6;2;2;;3;2;
Eksāmens matemātikā 9.klasei;Jelgavas novads;Šķibes pamatskola; 36,5   ;13;;3;3;2;2;1;;1;1;
Eksāmens matemātikā 9.klasei;Jelgavas novads;Teteles pamatskola; 41,9   ;22;;4;3;6;2;2;;2;3;
Eksāmens matemātikā 9.klasei;Jelgavas novads;Vilces pamatskola; 42,7   ;7;;;2;3;;1;;;1;
Eksāmens matemātikā 9.klasei;Jelgavas novads;Vircavas pamatskola; 37,4   ;18;1;4;2;;5;4;2;;;
Eksāmens matemātikā 9.klasei;Jelgavas novads;Zaļenieku komerciālā un amatniecības vidusskola; 24,4   ;16;5;3;2;3;;2;1;;;
Eksāmens matemātikā 9.klasei;Jēkabpils novads;Aknīstes vidusskola; 39,7   ;17;;1;5;3;3;2;1;1;1;
Eksāmens matemātikā 9.klasei;Jēkabpils novads;Ābeļu pamatskola; 19,4   ;14;6;3;2;;2;;1;;;
Eksāmens matemātikā 9.klasei;Jēkabpils novads;Biržu pamatskola; 37,8   ;11;3;;2;2;;1;1;1;1;
Eksāmens matemātikā 9.klasei;Jēkabpils novads;Dignājas pamatskola; 32,5   ;2;;1;;;1;;;;;
Eksāmens matemātikā 9.klasei;Jēkabpils novads;Jēkabpils 2. vidusskola; 44,5   ;54;3;11;7;4;4;9;7;1;4;4
Eksāmens matemātikā 9.klasei;Jēkabpils novads;Jēkabpils 3. vidusskola; 39,5   ;61;3;12;13;9;3;5;7;3;3;3
Eksāmens matemātikā 9.klasei;Jēkabpils novads;Jēkabpils Valsts ģimnāzija; 59,1   ;78;;;8;9;8;14;11;10;14;4
Eksāmens matemātikā 9.klasei;Jēkabpils novads;Krustpils pamatskola; 31,8   ;20;2;5;5;2;1;2;1;2;;
Eksāmens matemātikā 9.klasei;Jēkabpils novads;Rubeņu pamatskola; 29,2   ;5;1;2;;;;1;1;;;
Eksāmens matemātikā 9.klasei;Jēkabpils novads;Salas vidusskola; 52,1   ;35;;5;4;2;3;7;5;4;3;2
Eksāmens matemātikā 9.klasei;Jēkabpils novads;Sūnu pamatskola; 40,1   ;19;;4;4;3;2;3;1;;1;1
Eksāmens matemātikā 9.klasei;Jēkabpils novads;Viesītes vidusskola; 50,2   ;19;;1;3;3;3;2;3;2;1;1
Eksāmens matemātikā 9.klasei;Jēkabpils novads;Zasas vidusskola; 28,4   ;14;3;6;;;1;2;1;;1;
Eksāmens matemātikā 9.klasei;Jūrmala;JŪRMALA; 26,6   ;5;;2;2;;1;;;;;
Eksāmens matemātikā 9.klasei;Jūrmala;Jūrmalas Aspazijas pamatskola; 57,7   ;20;;2;3;1;1;3;1;3;4;2
Eksāmens matemātikā 9.klasei;Jūrmala;Jūrmalas Jaundubultu pamatskola; 54,2   ;36;;1;3;3;8;6;5;5;5;
Eksāmens matemātikā 9.klasei;Jūrmala;Jūrmalas Kauguru vidusskola; 45,1   ;47;3;5;7;7;6;7;1;2;8;1
Eksāmens matemātikā 9.klasei;Jūrmala;Jūrmalas Ķemeru pamatskola; 44,8   ;16;2;;3;3;2;1;2;1;1;1
Eksāmens matemātikā 9.klasei;Jūrmala;Jūrmalas Majoru vidusskola; 45,1   ;51;2;11;6;6;5;5;3;4;6;3
Eksāmens matemātikā 9.klasei;Jūrmala;Jūrmalas Mežmalas pamatskola; 42,9   ;31;2;5;5;1;6;3;3;3;1;2
Eksāmens matemātikā 9.klasei;Jūrmala;Jūrmalas Pumpuru vidusskola; 48,7   ;70;3;11;8;6;9;4;8;10;7;4
Eksāmens matemātikā 9.klasei;Jūrmala;Jūrmalas Vaivaru pamatskola; 60,8   ;12;;1;1;2;1;;1;1;3;2
Eksāmens matemātikā 9.klasei;Jūrmala;Jūrmalas Valsts ģimnāzija; 59,4   ;65;2;4;3;5;8;9;8;7;12;7
Eksāmens matemātikā 9.klasei;Krāslavas novads;Andrupenes pamatskola; 48,0   ;3;;;;1;;2;;;;
Eksāmens matemātikā 9.klasei;Krāslavas novads;Dagdas vidusskola; 41,4   ;33;3;7;2;3;5;5;3;2;2;1
Eksāmens matemātikā 9.klasei;Krāslavas novads;Ezernieku pamatskola; 30,0   ;11;;4;;4;2;1;;;;
Eksāmens matemātikā 9.klasei;Krāslavas novads;Indras pamatskola; 42,8   ;4;1;;;;1;1;1;;;
Eksāmens matemātikā 9.klasei;Krāslavas novads;Krāslavas gr. Plāteru v.n. Poļu pamatskola; 23,0   ;3;2;;;;;1;;;;
Eksāmens matemātikā 9.klasei;Krāslavas novads;Krāslavas ģimnāzija; 59,4   ;39;2;1;3;2;6;3;6;5;7;4
Eksāmens matemātikā 9.klasei;Krāslavas novads;Krāslavas Varavīksnes vidusskola; 36,0   ;36;2;9;6;5;2;4;3;4;1;
Eksāmens matemātikā 9.klasei;Krāslavas novads;Priežmalas pamatskola; 17,8   ;5;2;1;1;;1;;;;;
Eksāmens matemātikā 9.klasei;Krāslavas novads;Robežnieku pamatskola; 30,2   ;6;1;2;2;;;;;;;1
Eksāmens matemātikā 9.klasei;Kuldīgas novads;Alsungas pamatskola; 29,5   ;4;;1;1;1;1;;;;;
Eksāmens matemātikā 9.klasei;Kuldīgas novads;Ēdoles pamatskola; 47,6   ;10;;;3;2;1;;1;3;;
Eksāmens matemātikā 9.klasei;Kuldīgas novads;Indriķa Zeberiņa Kuldīgas pamatskola; 26,1   ;34;4;15;6;3;;;4;;2;
Eksāmens matemātikā 9.klasei;Kuldīgas novads;Kuldīgas Centra vidusskola; 47,8   ;72;2;7;10;11;10;6;10;6;7;3
Eksāmens matemātikā 9.klasei;Kuldīgas novads;Kuldīgas Mākslas un humanitāro zinību vidusskola; 47,0   ;23;1;2;4;2;4;3;1;3;2;1
Eksāmens matemātikā 9.klasei;Kuldīgas novads;Nīkrāces pamatskola; 17,4   ;11;1;5;4;1;;;;;;
Eksāmens matemātikā 9.klasei;Kuldīgas novads;Skrundas vidusskola; 60,7   ;35;1;;2;3;5;5;3;8;4;4
Eksāmens matemātikā 9.klasei;Kuldīgas novads;Turlavas pamatskola; 41,4   ;8;;1;2;1;1;1;1;1;;
Eksāmens matemātikā 9.klasei;Kuldīgas novads;V. Plūdoņa Kuldīgas vidusskola; 47,7   ;68;;7;10;13;7;8;9;8;5;1
Eksāmens matemātikā 9.klasei;Kuldīgas novads;Vārmes pamatskola; 56,4   ;5;;;1;;1;1;;2;;
Eksāmens matemātikā 9.klasei;Kuldīgas novads;Z.A. Meierovica Kabiles pamatskola; 20,8   ;6;2;1;1;;2;;;;;
Eksāmens matemātikā 9.klasei;Ķekavas novads;Baldones vidusskola; 55,7   ;41;1;5;2;4;4;5;3;7;6;4
Eksāmens matemātikā 9.klasei;Ķekavas novads;Baložu vidusskola; 46,1   ;59;1;8;10;9;7;2;8;8;5;1
Eksāmens matemātikā 9.klasei;Ķekavas novads;Daugmales pamatskola; 58,3   ;15;;1;1;2;1;2;3;1;4;
Eksāmens matemātikā 9.klasei;Ķekavas novads;Ķekavas vidusskola; 52,9   ;122;3;5;16;14;18;12;18;18;11;7
Eksāmens matemātikā 9.klasei;Ķekavas novads;"Privātā pamatskola ""Gaismas tilts 97"""; 65,2   ;10;;1;;;2;1;1;2;1;2
Eksāmens matemātikā 9.klasei;Liepāja;Draudzīgā aicinājuma Liepājas pilsētas 5. vidusskola; 57,4   ;88;1;;7;10;13;15;13;19;6;4
Eksāmens matemātikā 9.klasei;Liepāja;J. Čakstes Liepājas pilsētas 10. vidusskola; 43,9   ;74;;8;12;16;11;7;8;8;2;2
Eksāmens matemātikā 9.klasei;Liepāja;Liepājas 3. pamatskola; 32,1   ;28;2;7;7;6;1;1;;2;2;
Eksāmens matemātikā 9.klasei;Liepāja;Liepājas 7. vidusskola; 33,8   ;51;10;9;7;9;1;6;2;4;3;
Eksāmens matemātikā 9.klasei;Liepāja;Liepājas 8. vidusskola; 25,8   ;37;8;8;10;2;4;2;3;;;
Eksāmens matemātikā 9.klasei;Liepāja;Liepājas Katoļu pamatskola; 53,6   ;9;;;3;;;2;2;1;;1
Eksāmens matemātikā 9.klasei;Liepāja;Liepājas Liedaga vidusskola; 56,8   ;76;3;3;5;5;14;8;8;14;11;5
Eksāmens matemātikā 9.klasei;Liepāja;Liepājas Raiņa 6. vidusskola; 42,8   ;97;6;9;13;20;13;9;14;6;7;
Eksāmens matemātikā 9.klasei;Liepāja;Liepājas Valsts 1. ģimnāzija; 57,8   ;114;1;4;13;9;12;17;18;20;15;5
Eksāmens matemātikā 9.klasei;Liepāja;Oskara Kalpaka Liepājas 15. vidusskola; 40,3   ;90;5;18;15;8;9;13;8;9;2;3
Eksāmens matemātikā 9.klasei;Limbažu novads;Alojas Ausekļa vidusskola; 60,4   ;17;;;1;5;;1;1;6;1;2
Eksāmens matemātikā 9.klasei;Limbažu novads;Baumaņu Kārļa Viļķenes pamatskola; 39,6   ;5;;;2;;2;1;;;;
Eksāmens matemātikā 9.klasei;Limbažu novads;Krišjāņa Valdemāra Ainažu pamatskola; 47,1   ;8;;1;2;1;;1;;2;1;
Eksāmens matemātikā 9.klasei;Limbažu novads;Lādezera pamatskola; 23,1   ;8;;4;2;1;;1;;;;
Eksāmens matemātikā 9.klasei;Limbažu novads;Liepupes pamatskola; 35,7   ;12;1;4;1;1;2;1;;2;;
Eksāmens matemātikā 9.klasei;Limbažu novads;Limbažu Valsts ģimnāzija; 55,6   ;49;;1;5;5;7;9;5;12;5;
Eksāmens matemātikā 9.klasei;Limbažu novads;Limbažu vidusskola; 45,6   ;47;3;7;6;6;5;2;7;4;3;4
Eksāmens matemātikā 9.klasei;Limbažu novads;Pāles pamatskola; 54,6   ;5;;1;;;1;;1;1;1;
Eksāmens matemātikā 9.klasei;Limbažu novads;Salacgrīvas vidusskola; 49,2   ;19;1;1;3;2;3;1;3;2;2;1
Eksāmens matemātikā 9.klasei;Limbažu novads;Staiceles pamatskola; 40,2   ;12;;1;1;5;3;;;1;;1
Eksāmens matemātikā 9.klasei;Limbažu novads;Umurgas pamatskola; 58,6   ;13;;;2;1;2;1;2;2;3;
Eksāmens matemātikā 9.klasei;Limbažu novads;Vidrižu pamatskola; 36,4   ;10;2;;2;2;2;;;2;;
Eksāmens matemātikā 9.klasei;Līvānu novads;Jaunsilavas pamatskola; 47,0   ;10;;1;3;1;1;;1;1;2;
Eksāmens matemātikā 9.klasei;Līvānu novads;Jersikas pamatskola; 35,5   ;13;;3;3;3;1;1;1;1;;
Eksāmens matemātikā 9.klasei;Līvānu novads;Līvānu 1. vidusskola; 57,4   ;48;;1;3;9;6;7;5;9;5;3
Eksāmens matemātikā 9.klasei;Līvānu novads;Līvānu pamatskola; 57,3   ;21;2;;1;4;1;3;1;4;2;3
Eksāmens matemātikā 9.klasei;Līvānu novads;Rožupes pamatskola; 23,3   ;9;1;4;1;1;2;;;;;
Eksāmens matemātikā 9.klasei;Līvānu novads;Rudzātu vidusskola; 44,3   ;16;;4;1;2;2;4;;1;1;1
Eksāmens matemātikā 9.klasei;Ludzas novads;Ciblas vidusskola; 38,7   ;10;1;1;1;3;;1;2;1;;
Eksāmens matemātikā 9.klasei;Ludzas novads;Kārsavas vidusskola; 47,3   ;26;;2;9;1;1;5;2;2;1;3
Eksāmens matemātikā 9.klasei;Ludzas novads;Ludzas 2. vidusskola; 31,3   ;26;5;6;1;4;4;3;2;1;;
Eksāmens matemātikā 9.klasei;Ludzas novads;Ludzas pilsētas vidusskola; 48,2   ;45;1;4;6;8;7;3;4;7;4;1
Eksāmens matemātikā 9.klasei;Ludzas novads;Mežvidu pamatskola; 39,0   ;10;;2;3;1;1;1;;1;1;
Eksāmens matemātikā 9.klasei;Ludzas novads;Mērdzenes pamatskola; 46,1   ;12;;;4;1;3;1;1;1;1;
Eksāmens matemātikā 9.klasei;Ludzas novads;Pildas pamatskola; 45,5   ;8;;1;2;1;;1;1;2;;
Eksāmens matemātikā 9.klasei;Ludzas novads;Zilupes vidusskola; 31,9   ;19;3;5;2;1;2;3;2;1;;
Eksāmens matemātikā 9.klasei;Madonas novads;Andreja Eglīša Ļaudonas pamatskola; 40,1   ;13;1;3;1;1;2;2;1;2;;
Eksāmens matemātikā 9.klasei;Madonas novads;Barkavas pamatskola; 58,8   ;9;;;;2;2;2;;1;1;1
Eksāmens matemātikā 9.klasei;Madonas novads;Bērzaunes pamatskola; 31,8   ;8;2;;2;;3;1;;;;
Eksāmens matemātikā 9.klasei;Madonas novads;Cesvaines vidusskola; 38,0   ;26;3;4;3;4;4;1;6;1;;
Eksāmens matemātikā 9.klasei;Madonas novads;Degumnieku pamatskola; 36,0   ;7;;;3;1;2;1;;;;
Eksāmens matemātikā 9.klasei;Madonas novads;Dzelzavas pamatskola; 55,9   ;7;;;1;1;1;1;;2;1;
Eksāmens matemātikā 9.klasei;Madonas novads;Ērgļu vidusskola; 49,5   ;17;;1;3;2;4;1;3;1;2;
Eksāmens matemātikā 9.klasei;Madonas novads;Kalsnavas pamatskola; 22,8   ;12;;8;2;;1;;1;;;
Eksāmens matemātikā 9.klasei;Madonas novads;Kusas pamatskola; 45,7   ;7;;2;1;1;1;;;;1;1
Eksāmens matemātikā 9.klasei;Madonas novads;Lazdonas pamatskola; 21,0   ;8;2;2;1;2;1;;;;;
Eksāmens matemātikā 9.klasei;Madonas novads;Liezēres pamatskola; 35,8   ;4;;;2;1;;1;;;;
Eksāmens matemātikā 9.klasei;Madonas novads;Lubānas vidusskola; 50,3   ;15;;1;3;2;1;3;;2;2;1
Eksāmens matemātikā 9.klasei;Madonas novads;Madonas pilsētas vidusskola; 40,9   ;50;1;8;8;11;9;2;2;5;3;1
Eksāmens matemātikā 9.klasei;Madonas novads;Madonas Valsts ģimnāzija; 66,0   ;47;;;1;3;7;4;9;9;11;3
Eksāmens matemātikā 9.klasei;Madonas novads;Praulienas pamatskola; 63,7   ;14;;;1;;3;3;;2;5;
Eksāmens matemātikā 9.klasei;Mārupes novads;Babītes vidusskola; 57,5   ;100;;3;12;12;13;9;18;9;16;8
Eksāmens matemātikā 9.klasei;Mārupes novads;Jaunmārupes pamatskola; 65,0   ;88;;3;8;5;7;5;13;18;17;12
Eksāmens matemātikā 9.klasei;Mārupes novads;Mārupes pamatskola; 51,5   ;47;3;5;5;4;3;3;8;7;7;2
Eksāmens matemātikā 9.klasei;Mārupes novads;Mārupes Valsts ģimnāzija; 67,8   ;108;;4;4;5;8;12;13;19;31;12
Eksāmens matemātikā 9.klasei;Mārupes novads;"Pamatskola ""Brīvā Māras skola"""; 28,3   ;3;;1;1;;1;;;;;
Eksāmens matemātikā 9.klasei;Ogres novads;Birzgales pamatskola; 56,0   ;6;;;1;2;;1;;;1;1
Eksāmens matemātikā 9.klasei;Ogres novads;Edgara Kauliņa Lielvārdes vidusskola; 52,9   ;38;;1;8;7;4;2;5;3;6;2
Eksāmens matemātikā 9.klasei;Ogres novads;Ikšķiles vidusskola; 62,6   ;115;3;7;5;8;7;14;13;24;19;15
Eksāmens matemātikā 9.klasei;Ogres novads;Jaunogres vidusskola; 61,9   ;44;;2;3;3;5;7;6;7;7;4
Eksāmens matemātikā 9.klasei;Ogres novads;Jumpravas pamatskola; 42,6   ;8;;2;1;1;1;1;;1;1;
Eksāmens matemātikā 9.klasei;Ogres novads;Ķeguma vidusskola; 68,1   ;25;;;2;1;2;3;4;4;3;6
Eksāmens matemātikā 9.klasei;Ogres novads;Ķeipenes pamatskola; 61,3   ;6;;;;1;1;;2;1;1;
Eksāmens matemātikā 9.klasei;Ogres novads;Lēdmanes pamatskola; 29,0   ;9;;1;5;2;;;1;;;
Eksāmens matemātikā 9.klasei;Ogres novads;Lielvārdes pamatskola; 45,1   ;32;2;5;6;3;3;;7;1;3;2
Eksāmens matemātikā 9.klasei;Ogres novads;Madlienas vidusskola; 43,9   ;23;;5;1;5;3;3;2;2;2;
Eksāmens matemātikā 9.klasei;Ogres novads;Mazozolu filiāle; 15,0   ;4;1;2;;1;;;;;;
Eksāmens matemātikā 9.klasei;Ogres novads;Ogres 1. vidusskola; 46,9   ;121;2;14;21;19;18;8;8;13;9;9
Eksāmens matemātikā 9.klasei;Ogres novads;Ogres Valsts ģimnāzija; 60,3   ;106;2;4;11;9;10;14;12;13;15;16
Eksāmens matemātikā 9.klasei;Ogres novads;Ogresgala pamatskola; 35,8   ;21;3;5;2;3;;2;3;3;;
Eksāmens matemātikā 9.klasei;Ogres novads;Suntažu vidusskola; 36,2   ;19;;5;3;3;5;1;;2;;
Eksāmens matemātikā 9.klasei;Ogres novads;Taurupes pamatskola; 41,0   ;4;;;1;1;1;1;;;;
Eksāmens matemātikā 9.klasei;Olaines novads;Olaines 1. vidusskola; 44,7   ;86;6;9;13;13;7;14;5;11;5;3
Eksāmens matemātikā 9.klasei;Olaines novads;Olaines 2. vidusskola; 49,6   ;73;1;8;11;11;7;7;7;10;6;5
Eksāmens matemātikā 9.klasei;Preiļu novads;Aglonas Katoļu ģimnāzija; 50,0   ;5;;;1;2;;;;1;1;
Eksāmens matemātikā 9.klasei;Preiļu novads;Aglonas vidusskola; 35,7   ;21;;5;5;3;2;3;1;1;1;
Eksāmens matemātikā 9.klasei;Preiļu novads;Galēnu pamatskola; 35,5   ;11;3;3;;;1;1;1;1;1;
Eksāmens matemātikā 9.klasei;Preiļu novads;Jāņa Eglīša Preiļu Valsts ģimnāzija; 64,0   ;17;;2;;1;;3;1;6;4;
Eksāmens matemātikā 9.klasei;Preiļu novads;Pelēču pamatskola; 59,0   ;3;;;;;1;;2;;;
Eksāmens matemātikā 9.klasei;Preiļu novads;Preiļu 1. pamatskola; 47,0   ;38;1;2;9;4;7;3;2;4;5;1
Eksāmens matemātikā 9.klasei;Preiļu novads;Preiļu 2. vidusskola; 36,4   ;21;;5;6;3;;4;;2;1;
Eksāmens matemātikā 9.klasei;Preiļu novads;Riebiņu vidusskola; 38,3   ;13;;;4;4;3;1;1;;;
Eksāmens matemātikā 9.klasei;Preiļu novads;Rušonas pamatskola; 47,6   ;5;;;1;;2;1;;1;;
Eksāmens matemātikā 9.klasei;Preiļu novads;Vārkavas pamatskola; 55,8   ;6;1;;1;;;;1;2;1;
Eksāmens matemātikā 9.klasei;Rēzekne;Rēzeknes 2. vidusskola; 40,8   ;46;;5;8;12;9;4;2;3;3;
Eksāmens matemātikā 9.klasei;Rēzekne;Rēzeknes 3. pamatskola; 50,9   ;29;;1;3;6;5;4;2;6;1;1
Eksāmens matemātikā 9.klasei;Rēzekne;Rēzeknes 4. vidusskola; 45,3   ;15;;;2;5;3;2;2;1;;
Eksāmens matemātikā 9.klasei;Rēzekne;Rēzeknes 5. pamatskola; 53,1   ;44;;4;5;5;7;7;3;7;2;4
Eksāmens matemātikā 9.klasei;Rēzekne;Rēzeknes 6. pamatskola; 44,1   ;55;2;8;7;11;6;6;6;1;5;3
Eksāmens matemātikā 9.klasei;Rēzekne;Rēzeknes Katoļu vidusskola; 48,5   ;22;;;6;5;2;3;;2;4;
Eksāmens matemātikā 9.klasei;Rēzekne;Rēzeknes pamatskola-attīstības centrs; 29,6   ;5;;1;;4;;;;;;
Eksāmens matemātikā 9.klasei;Rēzekne;Rēzeknes Valsts 1. ģimnāzija; 66,3   ;65;;2;3;6;5;4;12;7;15;11
Eksāmens matemātikā 9.klasei;Rēzekne;Rēzeknes valsts poļu ģimnāzija; 53,3   ;45;;4;4;5;6;7;9;2;8;
Eksāmens matemātikā 9.klasei;Rēzeknes novads;Dricānu vidusskola; 30,8   ;15;2;4;3;2;1;;2;;1;
Eksāmens matemātikā 9.klasei;Rēzeknes novads;Gaigalavas pamatskola; 51,7   ;7;;;;2;2;1;;1;1;
Eksāmens matemātikā 9.klasei;Rēzeknes novads;Kaunatas vidusskola; 33,1   ;22;3;2;2;10;1;2;1;1;;
Eksāmens matemātikā 9.klasei;Rēzeknes novads;Liepu pamatskola; 40,5   ;8;;;1;6;;;;;1;
Eksāmens matemātikā 9.klasei;Rēzeknes novads;Lūcijas Rancānes Makašānu Amatu vidusskola; 24,9   ;13;1;6;3;1;1;;;1;;
Eksāmens matemātikā 9.klasei;Rēzeknes novads;Maltas vidusskola; 34,3   ;44;4;6;13;7;3;5;2;1;;3
Eksāmens matemātikā 9.klasei;Rēzeknes novads;Nautrēnu vidusskola; 53,6   ;20;;;3;;5;6;2;2;2;
Eksāmens matemātikā 9.klasei;Rēzeknes novads;Rēznas pamatskola; 24,9   ;8;;3;2;1;2;;;;;
Eksāmens matemātikā 9.klasei;Rēzeknes novads;Sakstagala Jāņa Klīdzēja pamatskola; 19,3   ;20;5;7;5;1;1;1;;;;
Eksāmens matemātikā 9.klasei;Rēzeknes novads;Tiskādu pamatskola; 24,0   ;20;3;6;6;3;;1;1;;;
Eksāmens matemātikā 9.klasei;Rēzeknes novads;Verēmu pamatskola; 53,1   ;13;;1;;3;1;3;2;2;1;
Eksāmens matemātikā 9.klasei;Rēzeknes novads;Viļānu vidusskola; 34,5   ;31;5;7;6;1;3;;5;3;1;
Eksāmens matemātikā 9.klasei;Rīga;Andreja Pumpura Rīgas 11. pamatskola; 46,8   ;75;3;7;13;12;7;6;9;9;4;5
Eksāmens matemātikā 9.klasei;Rīga;Āgenskalna Valsts ģimnāzija; 88,1   ;120;;;;;;2;3;13;32;70
Eksāmens matemātikā 9.klasei;Rīga;Eiropas Tālmācības vidusskola; 19,2   ;37;10;11;10;3;2;1;;;;
Eksāmens matemātikā 9.klasei;Rīga;Emīla Dārziņa mūzikas skola; 73,4   ;37;;;1;1;2;3;7;7;7;9
Eksāmens matemātikā 9.klasei;Rīga;Friča Brīvzemnieka pamatskola; 26,6   ;19;1;5;7;3;2;;;1;;
Eksāmens matemātikā 9.klasei;Rīga;Habad Ebreju privātā vidusskola; 52,8   ;4;;;;;2;1;1;;;
Eksāmens matemātikā 9.klasei;Rīga;"Informācijas sistēmu menedžmenta augstskolas vidusskola ""PREMJERS"""; 40,7   ;3;;1;;1;;;;;1;
Eksāmens matemātikā 9.klasei;Rīga;J.G.Herdera Rīgas Grīziņkalna vidusskola; 41,8   ;53;8;5;5;9;7;3;4;6;6;
Eksāmens matemātikā 9.klasei;Rīga;Jankas Kupalas Rīgas Baltkrievu pamatskola; 45,7   ;12;;2;2;1;2;2;;2;1;
Eksāmens matemātikā 9.klasei;Rīga;Jaunciema pamatskola; 43,1   ;8;;1;;2;1;3;1;;;
Eksāmens matemātikā 9.klasei;Rīga;Latvijas Zinātņu tālmācības vidusskola; 30,4   ;46;8;11;5;8;5;2;4;3;;
Eksāmens matemātikā 9.klasei;Rīga;Mežciema pamatskola; 62,0   ;75;;2;4;4;8;13;16;13;8;7
Eksāmens matemātikā 9.klasei;Rīga;O.Kalpaka Rīgas Tautas daiļamatu pamatskola; 55,4   ;50;;2;2;10;3;10;9;8;5;1
Eksāmens matemātikā 9.klasei;Rīga;"Pamatskola ""Rīdze"""; 70,5   ;50;1;1;2;2;1;4;7;9;13;10
Eksāmens matemātikā 9.klasei;Rīga;"Privātā pamatskola ""Maksima"""; 69,5   ;6;;;1;;1;;;1;;3
Eksāmens matemātikā 9.klasei;Rīga;Privātā pamatskola DOMDARIS; 56,8   ;14;;1;;2;3;3;;2;1;2
Eksāmens matemātikā 9.klasei;Rīga;Privātā Rīgas Tehnolingvistiskā ģimnāzija; 57,0   ;5;;;;1;1;;3;;;
Eksāmens matemātikā 9.klasei;Rīga;"Privātā vidusskola ""Citruss"""; 40,8   ;4;;1;;1;;1;1;;;
Eksāmens matemātikā 9.klasei;Rīga;"Privātā vidusskola ""Klasika"""; 68,3   ;15;;;1;;1;1;5;2;3;2
Eksāmens matemātikā 9.klasei;Rīga;"Privātā vidusskola ""Laisma"""; 61,0   ;10;;1;1;;;2;1;1;4;
Eksāmens matemātikā 9.klasei;Rīga;"Privātā vidusskola ""Norma"""; 36,3   ;4;;1;1;1;;;1;;;
Eksāmens matemātikā 9.klasei;Rīga;"Privātā vidusskola ""Patnis"""; 72,2   ;17;;;1;;1;3;1;3;5;3
Eksāmens matemātikā 9.klasei;Rīga;"Privātā vidusskola ""Templum"""; 23,0   ;1;;;1;;;;;;;
Eksāmens matemātikā 9.klasei;Rīga;"Privātskola ""Latreia"""; 55,8   ;12;;;2;1;1;3;1;2;1;1
Eksāmens matemātikā 9.klasei;Rīga;Puškina licejs; 42,7   ;45;2;5;10;8;4;6;1;4;5;
Eksāmens matemātikā 9.klasei;Rīga;Rīgas 1. Kristīgā pamatskola; 37,7   ;24;1;9;3;1;1;2;3;2;1;1
Eksāmens matemātikā 9.klasei;Rīga;Rīgas 1. Tālmācības vidusskola; 26,1   ;111;27;27;17;19;6;3;4;3;4;1
Eksāmens matemātikā 9.klasei;Rīga;Rīgas 10. vidusskola; 69,4   ;82;;1;5;3;10;8;9;10;16;20
Eksāmens matemātikā 9.klasei;Rīga;Rīgas 13. vidusskola; 57,2   ;66;1;1;5;8;13;7;10;7;9;5
Eksāmens matemātikā 9.klasei;Rīga;Rīgas 15. vidusskola; 24,6   ;33;4;11;9;4;2;;2;;1;
Eksāmens matemātikā 9.klasei;Rīga;Rīgas 21. vidusskola; 53,4   ;39;1;3;5;5;2;4;8;3;7;1
Eksāmens matemātikā 9.klasei;Rīga;Rīgas 22. vidusskola; 53,2   ;52;1;8;7;2;;9;7;9;6;3
Eksāmens matemātikā 9.klasei;Rīga;Rīgas 25. vidusskola; 47,3   ;77;2;8;11;16;4;9;9;7;7;4
Eksāmens matemātikā 9.klasei;Rīga;Rīgas 31. vidusskola; 40,5   ;48;4;10;4;5;7;8;3;3;3;1
Eksāmens matemātikā 9.klasei;Rīga;Rīgas 33. vidusskola; 47,4   ;79;2;7;8;18;9;10;11;7;3;4
Eksāmens matemātikā 9.klasei;Rīga;Rīgas 34. vidusskola; 68,5   ;96;;4;4;5;6;10;9;17;24;17
Eksāmens matemātikā 9.klasei;Rīga;Rīgas 40. vidusskola; 67,5   ;84;;1;5;3;10;6;13;12;26;8
Eksāmens matemātikā 9.klasei;Rīga;Rīgas 41. vidusskola; 42,3   ;44;2;6;4;8;9;6;3;4;1;1
Eksāmens matemātikā 9.klasei;Rīga;Rīgas 45. vidusskola; 45,7   ;81;5;11;14;8;6;7;11;10;7;2
Eksāmens matemātikā 9.klasei;Rīga;Rīgas 46. pamatskola; 30,6   ;36;6;9;7;3;4;1;3;1;1;1
Eksāmens matemātikā 9.klasei;Rīga;Rīgas 47. vidusskola; 52,0   ;37;2;2;3;4;5;6;5;3;4;3
Eksāmens matemātikā 9.klasei;Rīga;Rīgas 49. vidusskola; 78,9   ;88;;;1;1;1;7;7;22;23;26
Eksāmens matemātikā 9.klasei;Rīga;Rīgas 51. vidusskola; 45,5   ;65;3;8;11;6;5;12;7;8;3;2
Eksāmens matemātikā 9.klasei;Rīga;Rīgas 6. vidusskola; 61,1   ;77;;4;1;6;15;10;11;15;6;9
Eksāmens matemātikā 9.klasei;Rīga;Rīgas 63. pamatskola; 29,8   ;67;11;15;10;12;3;11;2;1;1;1
Eksāmens matemātikā 9.klasei;Rīga;Rīgas 64. vidusskola; 69,7   ;124;;;3;7;9;13;23;23;30;16
Eksāmens matemātikā 9.klasei;Rīga;Rīgas 66. vidusskola; 41,0   ;21;1;1;6;4;3;1;2;;2;1
Eksāmens matemātikā 9.klasei;Rīga;Rīgas 69. pamatskola; 46,8   ;27;2;2;1;6;3;6;3;1;2;1
Eksāmens matemātikā 9.klasei;Rīga;Rīgas 71. vidusskola; 49,0   ;50;3;2;5;6;8;6;10;9;1;
Eksāmens matemātikā 9.klasei;Rīga;Rīgas 72. vidusskola; 51,3   ;99;1;9;14;12;16;8;11;8;14;6
Eksāmens matemātikā 9.klasei;Rīga;Rīgas 74. pamatskola; 38,2   ;52;5;8;8;7;7;7;4;3;2;1
Eksāmens matemātikā 9.klasei;Rīga;Rīgas 75. vidusskola; 44,1   ;35;3;8;6;1;1;2;6;1;4;3
Eksāmens matemātikā 9.klasei;Rīga;Rīgas 80. vidusskola; 50,6   ;69;2;9;5;8;6;8;13;11;5;2
Eksāmens matemātikā 9.klasei;Rīga;Rīgas 84. vidusskola; 49,6   ;111;5;18;12;7;11;11;14;16;9;8
Eksāmens matemātikā 9.klasei;Rīga;Rīgas 85. pamatskola; 58,7   ;32;;4;1;4;3;2;6;4;4;4
Eksāmens matemātikā 9.klasei;Rīga;Rīgas 86. vidusskola; 37,3   ;63;8;13;7;7;7;8;5;3;4;1
Eksāmens matemātikā 9.klasei;Rīga;Rīgas 88. vidusskola; 44,8   ;93;6;18;5;15;8;9;12;9;6;5
Eksāmens matemātikā 9.klasei;Rīga;Rīgas 89. vidusskola; 41,1   ;38;6;6;3;4;4;4;4;4;3;
Eksāmens matemātikā 9.klasei;Rīga;Rīgas 9. vidusskola; 28,3   ;12;3;2;1;1;4;1;;;;
Eksāmens matemātikā 9.klasei;Rīga;Rīgas 92. vidusskola; 47,6   ;72;6;10;10;4;6;11;6;5;7;7
Eksāmens matemātikā 9.klasei;Rīga;Rīgas 93. vidusskola; 48,6   ;45;;7;6;5;3;8;6;5;4;1
Eksāmens matemātikā 9.klasei;Rīga;Rīgas 95. vidusskola; 43,5   ;111;8;13;14;15;18;12;11;9;6;5
Eksāmens matemātikā 9.klasei;Rīga;Rīgas 96. vidusskola; 53,9   ;96;3;10;8;9;11;11;8;21;10;5
Eksāmens matemātikā 9.klasei;Rīga;Rīgas Angļu ģimnāzija; 62,9   ;111;;3;8;7;10;17;16;24;18;8
Eksāmens matemātikā 9.klasei;Rīga;Rīgas Anniņmuižas vidusskola; 49,4   ;63;2;8;7;5;4;17;5;4;6;5
Eksāmens matemātikā 9.klasei;Rīga;Rīgas Arkādijas vidusskola; 40,3   ;40;4;6;8;4;1;8;5;1;2;1
Eksāmens matemātikā 9.klasei;Rīga;Rīgas Austrumu pamatskola; 36,7   ;23;3;6;1;2;3;3;2;3;;
Eksāmens matemātikā 9.klasei;Rīga;Rīgas Baltmuižas pamatskola; 28,9   ;42;14;8;4;5;1;3;1;3;2;1
Eksāmens matemātikā 9.klasei;Rīga;Rīgas Bolderājas Jaunā pamatskola; 26,4   ;14;;8;1;2;;2;1;;;
Eksāmens matemātikā 9.klasei;Rīga;Rīgas Centra daiļamatniecības pamatskola; 69,1   ;33;;;2;1;2;6;4;6;6;6
Eksāmens matemātikā 9.klasei;Rīga;Rīgas Centra humanitārā vidusskola; 76,6   ;113;;;1;2;6;10;17;20;22;35
Eksāmens matemātikā 9.klasei;Rīga;Rīgas Čiekurkalna pamatskola; 51,1   ;18;2;;3;3;1;;2;3;3;1
Eksāmens matemātikā 9.klasei;Rīga;Rīgas Daugavgrīvas pamatskola; 60,5   ;35;;2;2;4;5;3;4;5;4;6
Eksāmens matemātikā 9.klasei;Rīga;Rīgas Doma kora skola; 71,4   ;23;;;;1;;3;2;13;3;1
Eksāmens matemātikā 9.klasei;Rīga;Rīgas Franču licejs; 75,3   ;81;;;1;3;6;8;7;13;22;21
Eksāmens matemātikā 9.klasei;Rīga;Rīgas Hanzas vidusskola; 57,6   ;99;5;3;10;7;9;14;7;21;18;5
Eksāmens matemātikā 9.klasei;Rīga;Rīgas Igauņu pamatskola; 66,2   ;18;;;2;1;2;;4;3;4;2
Eksāmens matemātikā 9.klasei;Rīga;Rīgas Iļģuciema pamatskola; 59,1   ;57;2;1;7;2;9;6;6;4;15;5
Eksāmens matemātikā 9.klasei;Rīga;Rīgas Imantas vidusskola; 52,9   ;102;3;5;14;12;11;12;16;10;13;6
Eksāmens matemātikā 9.klasei;Rīga;Rīgas Itas Kozakēvičas Poļu vidusskola; 54,3   ;24;;1;5;2;1;3;4;3;4;1
Eksāmens matemātikā 9.klasei;Rīga;Rīgas Juglas vidusskola; 57,8   ;109;1;8;4;10;16;14;16;18;16;6
Eksāmens matemātikā 9.klasei;Rīga;Rīgas Katoļu ģimnāzija; 57,2   ;13;;1;;2;2;1;3;2;1;1
Eksāmens matemātikā 9.klasei;Rīga;Rīgas Kultūru vidusskola; 54,0   ;73;2;6;6;10;9;7;6;12;10;5
Eksāmens matemātikā 9.klasei;Rīga;Rīgas Ķengaraga vidusskola; 46,0   ;55;3;10;5;7;3;6;9;4;4;4
Eksāmens matemātikā 9.klasei;Rīga;Rīgas Lietuviešu vidusskola; 51,8   ;59;5;4;7;4;7;7;5;7;8;5
Eksāmens matemātikā 9.klasei;Rīga;Rīgas Natālijas Draudziņas vidusskola; 60,9   ;83;2;2;4;11;7;9;18;7;14;9
Eksāmens matemātikā 9.klasei;Rīga;Rīgas Ostvalda vidusskola; 58,5   ;82;;7;6;5;10;13;13;6;12;10
Eksāmens matemātikā 9.klasei;Rīga;Rīgas Pārdaugavas pamatskola; 39,0   ;36;2;8;9;1;2;3;4;5;1;1
Eksāmens matemātikā 9.klasei;Rīga;Rīgas Pļavnieku pamatskola; 44,1   ;58;2;12;12;2;5;5;9;2;6;3
Eksāmens matemātikā 9.klasei;Rīga;Rīgas Purvciema vidusskola; 60,6   ;128;;12;13;10;6;15;13;16;23;20
Eksāmens matemātikā 9.klasei;Rīga;Rīgas Raiņa vidusskola; 32,7   ;26;3;5;4;6;3;1;3;1;;
Eksāmens matemātikā 9.klasei;Rīga;Rīgas Reinholda Šmēlinga vidusskola; 22,0   ;23;5;6;5;4;2;1;;;;
Eksāmens matemātikā 9.klasei;Rīga;Rīgas Reinholda Šmēlinga vidusskolas struktūrvienība - Iļģuciema cietums; 56,0   ;1;;;;;;1;;;;
Eksāmens matemātikā 9.klasei;Rīga;Rīgas Reinholda Šmēlinga vidusskolas struktūrvienība - Rīgas Centrālcietums; 46,9   ;10;;;;1;6;3;;;;
Eksāmens matemātikā 9.klasei;Rīga;Rīgas Rīnūžu vidusskola; 58,2   ;57;;1;10;8;4;4;7;9;5;9
Eksāmens matemātikā 9.klasei;Rīga;Rīgas Sarkandaugavas pamatskola; 43,2   ;25;2;6;1;1;4;3;3;4;;1
Eksāmens matemātikā 9.klasei;Rīga;Rīgas Sergeja Žoltoka pamatskola; 39,1   ;33;1;6;5;5;7;4;3;;2;
Eksāmens matemātikā 9.klasei;Rīga;Rīgas Tālmācības vidusskola; 28,8   ;78;11;24;8;13;9;6;3;2;2;
Eksāmens matemātikā 9.klasei;Rīga;Rīgas Teikas vidusskola; 70,8   ;89;;1;4;;5;10;14;26;18;11
Eksāmens matemātikā 9.klasei;Rīga;Rīgas Ukraiņu vidusskola; 39,0   ;21;;6;2;4;1;3;3;1;1;
Eksāmens matemātikā 9.klasei;Rīga;Rīgas Valdorfskola; 41,0   ;62;4;11;14;5;5;5;7;3;6;2
Eksāmens matemātikā 9.klasei;Rīga;Rīgas Valsts 1. ģimnāzija; 93,6   ;119;1;;;;;;;2;10;106
Eksāmens matemātikā 9.klasei;Rīga;Rīgas Valsts 2. ģimnāzija; 91,8   ;88;;;;;;;;1;25;62
Eksāmens matemātikā 9.klasei;Rīga;Rīgas Valsts 3. ģimnāzija; 89,6   ;84;;;;;;;2;6;20;56
Eksāmens matemātikā 9.klasei;Rīga;Rīgas Valsts klasiskā ģimnāzija; 63,2   ;148;1;5;8;11;13;15;24;30;29;12
Eksāmens matemātikā 9.klasei;Rīga;Rīgas Valsts vācu ģimnāzija; 75,4   ;110;;;;;3;13;14;32;34;14
Eksāmens matemātikā 9.klasei;Rīga;Rīgas Ziepniekkalna vidusskola; 41,7   ;77;5;12;9;14;9;8;7;5;7;1
Eksāmens matemātikā 9.klasei;Rīga;Rīgas Zolitūdes ģimnāzija; 67,3   ;110;1;8;9;3;5;6;9;16;33;20
Eksāmens matemātikā 9.klasei;Rīga;Š. Dubnova Rīgas Ebreju vidusskola; 63,8   ;24;;;1;3;4;3;4;2;2;5
Eksāmens matemātikā 9.klasei;Rīga;"Tālmācības vidusskola ""INTELEKTS"""; 28,3   ;3;1;1;;;;;1;;;
Eksāmens matemātikā 9.klasei;Rīga;"Tālmācības vidusskola ""Rīgas 1. vidusskola"""; 25,2   ;164;33;50;30;19;9;8;9;3;1;2
Eksāmens matemātikā 9.klasei;Rīga;"Tālmācības vidusskola ""Rīgas Komercskola"""; 38,0   ;75;2;16;14;12;9;7;7;5;2;1
Eksāmens matemātikā 9.klasei;Rīga;Torņakalna Privātā vidusskola; 24,0   ;2;1;;;;1;;;;;
Eksāmens matemātikā 9.klasei;Rīga;VisLatvijas vidusskola; 36,1   ;34;1;12;2;3;5;4;5;1;1;
Eksāmens matemātikā 9.klasei;Rīga;Ziemeļvalstu ģimnāzija; 51,2   ;89;3;6;11;14;10;11;8;9;11;6
Eksāmens matemātikā 9.klasei;Ropažu novads;Berģu Mūzikas un mākslas pamatskola; 75,6   ;34;;;;1;3;3;4;4;10;9
Eksāmens matemātikā 9.klasei;Ropažu novads;Garkalnes Mākslu un vispārizglītojošā pamatskola; 48,9   ;28;1;1;3;5;4;6;2;2;4;
Eksāmens matemātikā 9.klasei;Ropažu novads;Ropažu vidusskola; 51,0   ;46;;1;7;8;7;9;4;5;4;1
Eksāmens matemātikā 9.klasei;Ropažu novads;Stopiņu pamatskola; 35,3   ;22;1;5;5;4;2;1;2;1;1;
Eksāmens matemātikā 9.klasei;Ropažu novads;Ulbrokas vidusskola; 60,3   ;82;2;4;6;10;3;10;5;18;20;4
Eksāmens matemātikā 9.klasei;Ropažu novads;Vangažu vidusskola; 31,6   ;29;6;8;5;1;1;3;;1;3;1
Eksāmens matemātikā 9.klasei;Salaspils novads;"Salaspils novada pašvaldības iestāde ""Salaspils 1. vidusskola"""; 52,4   ;103;1;9;8;17;11;23;6;6;12;10
Eksāmens matemātikā 9.klasei;Salaspils novads;Salaspils pamatskola; 46,3   ;61;4;5;8;10;6;10;4;9;2;3
Eksāmens matemātikā 9.klasei;Saldus novads;Blīdenes pamatskola; 41,5   ;6;1;1;;1;1;;1;1;;
Eksāmens matemātikā 9.klasei;Saldus novads;Brocēnu vidusskola; 44,4   ;33;;3;5;9;5;4;4;;;3
Eksāmens matemātikā 9.klasei;Saldus novads;Cieceres pamatskola; 27,3   ;21;3;8;4;;2;1;2;1;;
Eksāmens matemātikā 9.klasei;Saldus novads;Druvas vidusskola; 60,8   ;46;;;2;3;12;7;3;8;6;5
Eksāmens matemātikā 9.klasei;Saldus novads;Ezeres pamatskola; 57,1   ;13;;1;1;2;1;1;2;2;3;
Eksāmens matemātikā 9.klasei;Saldus novads;Lutriņu pamatskola; 14,6   ;9;1;5;3;;;;;;;
Eksāmens matemātikā 9.klasei;Saldus novads;Nīgrandes pagasta Kalnu vidusskola; 38,5   ;11;1;1;4;1;;2;1;;1;
Eksāmens matemātikā 9.klasei;Saldus novads;Saldus pamatskola; 59,2   ;37;;;3;4;6;5;5;8;5;1
Eksāmens matemātikā 9.klasei;Saldus novads;Saldus vidusskola; 54,9   ;66;;3;12;7;6;10;3;11;8;6
Eksāmens matemātikā 9.klasei;Saldus novads;Zirņu pamatskola; 34,5   ;10;;2;3;2;;2;1;;;
Eksāmens matemātikā 9.klasei;Saulkrastu novads;Murjāņu sporta ģimnāzija; 39,9   ;32;;2;8;6;8;4;3;1;;
Eksāmens matemātikā 9.klasei;Saulkrastu novads;Saulkrastu novada vidusskola; 52,1   ;54;2;7;7;5;3;7;4;9;5;5
Eksāmens matemātikā 9.klasei;Saulkrastu novads;Sējas pamatskola; 31,9   ;16;4;2;2;2;2;3;;1;;
Eksāmens matemātikā 9.klasei;Siguldas novads;Allažu pamatskola; 38,0   ;18;1;5;2;1;;5;2;2;;
Eksāmens matemātikā 9.klasei;Siguldas novads;Garlība Merķeļa Lēdurgas pamatskola; 29,4   ;7;1;3;;1;;1;1;;;
Eksāmens matemātikā 9.klasei;Siguldas novads;Inčukalna pamatskola; 38,3   ;25;1;7;4;2;2;1;5;1;2;
Eksāmens matemātikā 9.klasei;Siguldas novads;Krimuldas vidusskola; 40,7   ;32;1;3;10;6;1;2;6;1;1;1
Eksāmens matemātikā 9.klasei;Siguldas novads;Mālpils vidusskola; 40,3   ;32;1;6;5;6;6;1;2;2;2;1
Eksāmens matemātikā 9.klasei;Siguldas novads;Mores pamatskola; 31,5   ;6;1;1;1;1;1;;;1;;
Eksāmens matemātikā 9.klasei;Siguldas novads;Siguldas 1. pamatskola; 48,6   ;48;;3;9;11;2;4;9;4;3;3
Eksāmens matemātikā 9.klasei;Siguldas novads;Siguldas pilsētas vidusskola; 41,0   ;69;1;6;16;15;10;5;7;5;3;1
Eksāmens matemātikā 9.klasei;Siguldas novads;Siguldas Valsts ģimnāzija; 79,2   ;86;;;;;3;6;13;15;23;26
Eksāmens matemātikā 9.klasei;Smiltenes novads;Bilskas pamatskola; 35,8   ;5;1;;2;1;;;;;;1
Eksāmens matemātikā 9.klasei;Smiltenes novads;Blomes pamatskola; 19,7   ;3;;2;;1;;;;;;
Eksāmens matemātikā 9.klasei;Smiltenes novads;Dāvja Ozoliņa Apes pamatskola; 40,6   ;18;1;3;3;3;3;1;1;1;1;1
Eksāmens matemātikā 9.klasei;Smiltenes novads;Grundzāles pamatskola; 40,2   ;13;;4;1;1;1;4;1;;1;
Eksāmens matemātikā 9.klasei;Smiltenes novads;Ojāra Vācieša Gaujienas pamatskola; 38,7   ;9;1;1;4;;;1;;1;;1
Eksāmens matemātikā 9.klasei;Smiltenes novads;Palsmanes pamatskola; 38,7   ;14;;3;4;1;1;2;;3;;
Eksāmens matemātikā 9.klasei;Smiltenes novads;Raunas pamatskola; 45,6   ;14;1;3;1;2;2;;;3;1;1
Eksāmens matemātikā 9.klasei;Smiltenes novads;Smiltenes vidusskola; 53,3   ;82;3;5;6;7;11;13;20;6;6;5
Eksāmens matemātikā 9.klasei;Smiltenes novads;Variņu pamatskola; 24,4   ;5;;3;;;2;;;;;
Eksāmens matemātikā 9.klasei;Talsu novads;Dundagas vidusskola; 41,7   ;29;2;6;3;4;3;4;1;3;2;1
Eksāmens matemātikā 9.klasei;Talsu novads;Kolkas pamatskola; 47,5   ;2;;;1;;;;;1;;
Eksāmens matemātikā 9.klasei;Talsu novads;Laucienes pamatskola; 40,4   ;14;1;2;2;3;;3;1;2;;
Eksāmens matemātikā 9.klasei;Talsu novads;Mērsraga vidusskola; 30,3   ;13;;4;5;1;1;1;;;1;
Eksāmens matemātikā 9.klasei;Talsu novads;Pastendes pamatskola; 31,3   ;12;;4;2;3;1;1;1;;;
Eksāmens matemātikā 9.klasei;Talsu novads;Pūņu pamatskola; 57,2   ;6;;;1;;;2;1;2;;
Eksāmens matemātikā 9.klasei;Talsu novads;Rojas vidusskola; 46,6   ;26;;2;3;9;2;3;2;1;4;
Eksāmens matemātikā 9.klasei;Talsu novads;Sabiles pamatskola; 25,9   ;10;1;2;3;3;1;;;;;
Eksāmens matemātikā 9.klasei;Talsu novads;Stendes pamatskola; 56,8   ;11;;;;1;3;3;2;;2;
Eksāmens matemātikā 9.klasei;Talsu novads;Talsu 2. vidusskola; 48,0   ;73;2;4;7;12;18;7;10;3;8;2
Eksāmens matemātikā 9.klasei;Talsu novads;Talsu Kristīgā vidusskola; 52,8   ;32;;2;2;4;6;5;7;3;3;
Eksāmens matemātikā 9.klasei;Talsu novads;Talsu novada vidusskola; 16,5   ;12;2;7;3;;;;;;;
Eksāmens matemātikā 9.klasei;Talsu novads;Talsu pamatskola; 30,9   ;21;2;4;5;4;2;1;2;1;;
Eksāmens matemātikā 9.klasei;Talsu novads;Talsu Valsts ģimnāzija; 56,2   ;61;;1;5;8;15;4;7;9;9;3
Eksāmens matemātikā 9.klasei;Talsu novads;Valdemārpils vidusskola; 46,8   ;27;;5;3;3;3;6;1;3;3;
Eksāmens matemātikā 9.klasei;Tukuma novads;Cēres pamatskola; 25,2   ;12;3;2;4;1;;1;;1;;
Eksāmens matemātikā 9.klasei;Tukuma novads;Džūkstes pamatskola; 40,6   ;10;;1;2;3;1;1;1;1;;
Eksāmens matemātikā 9.klasei;Tukuma novads;Engures vidusskola; 48,8   ;21;1;;2;4;2;6;3;1;1;1
Eksāmens matemātikā 9.klasei;Tukuma novads;Irlavas pamatskola; 38,9   ;14;2;2;;2;4;1;1;2;;
Eksāmens matemātikā 9.klasei;Tukuma novads;Jaunpils vidusskola; 50,6   ;24;;2;2;7;;4;2;4;3;
Eksāmens matemātikā 9.klasei;Tukuma novads;Kandavas Kārļa Mīlenbaha vidusskola; 59,0   ;44;;5;5;3;2;5;1;12;4;7
Eksāmens matemātikā 9.klasei;Tukuma novads;Kandavas Reģionālā pamatskola; 28,2   ;22;;6;6;7;1;2;;;;
Eksāmens matemātikā 9.klasei;Tukuma novads;Lapmežciema pamatskola; 36,0   ;13;1;3;2;1;3;1;1;;;1
Eksāmens matemātikā 9.klasei;Tukuma novads;Pūres pamatskola; 24,2   ;16;2;8;2;2;;1;;1;;
Eksāmens matemātikā 9.klasei;Tukuma novads;Smārdes pamatskola; 61,8   ;19;;2;;3;4;;;3;3;4
Eksāmens matemātikā 9.klasei;Tukuma novads;Tukuma 2. vidusskola; 44,4   ;75;3;11;13;8;10;8;4;7;9;2
Eksāmens matemātikā 9.klasei;Tukuma novads;Tukuma 3. pamatskola; 32,3   ;12;;3;2;3;;4;;;;
Eksāmens matemātikā 9.klasei;Tukuma novads;Tukuma E. Birznieka-Upīša 1. pamatskola; 49,0   ;34;1;4;3;4;4;3;7;5;2;1
Eksāmens matemātikā 9.klasei;Tukuma novads;Tukuma Raiņa Valsts ģimnāzija; 58,3   ;67;;6;6;2;7;12;8;8;12;6
Eksāmens matemātikā 9.klasei;Tukuma novads;Tumes pamatskola; 46,3   ;16;;3;2;2;1;4;1;2;;1
Eksāmens matemātikā 9.klasei;Tukuma novads;Zantes pamatskola; 34,4   ;7;1;1;1;1;1;2;;;;
Eksāmens matemātikā 9.klasei;Tukuma novads;Zemgales vidusskola; 30,9   ;36;4;4;10;9;5;3;;1;;
Eksāmens matemātikā 9.klasei;Valkas novads;Ērģemes pamatskola; 36,9   ;11;;3;;4;1;2;1;;;
Eksāmens matemātikā 9.klasei;Valkas novads;Valkas Jāņa Cimzes ģimnāzija; 54,6   ;47;;3;5;4;11;3;5;7;6;3
Eksāmens matemātikā 9.klasei;Valmieras novads;Burtnieku Ausekļa pamatskola; 58,9   ;7;;;;2;1;;1;2;1;
Eksāmens matemātikā 9.klasei;Valmieras novads;J. Endzelīna Kauguru pamatskola; 38,3   ;12;1;;2;4;2;2;1;;;
Eksāmens matemātikā 9.klasei;Valmieras novads;Jura Neikena Dikļu pamatskola; 29,0   ;8;;2;2;2;1;1;;;;
Eksāmens matemātikā 9.klasei;Valmieras novads;Kocēnu pamatskola; 49,7   ;30;;;9;3;3;3;5;3;4;
Eksāmens matemātikā 9.klasei;Valmieras novads;Matīšu pamatskola; 46,2   ;6;;2;;1;;2;;;;1
Eksāmens matemātikā 9.klasei;Valmieras novads;Mazsalacas vidusskola; 43,3   ;18;2;2;1;2;4;2;1;3;;1
Eksāmens matemātikā 9.klasei;Valmieras novads;Naukšēnu vidusskola; 56,7   ;16;;2;;4;1;1;2;1;2;3
Eksāmens matemātikā 9.klasei;Valmieras novads;Privātā pamatskola VALMIERAS ZAĻĀ SKOLA; 36,0   ;1;;;;1;;;;;;
Eksāmens matemātikā 9.klasei;Valmieras novads;Rencēnu pamatskola; 62,3   ;9;;;1;2;;1;1;;2;2
Eksāmens matemātikā 9.klasei;Valmieras novads;Rubenes pamatskola; 39,6   ;10;1;;3;;2;2;1;1;;
Eksāmens matemātikā 9.klasei;Valmieras novads;Rūjienas vidusskola; 46,7   ;46;1;3;6;11;3;10;6;1;5;
Eksāmens matemātikā 9.klasei;Valmieras novads;Strenču pamatskola; 40,3   ;22;;4;6;3;3;;2;3;1;
Eksāmens matemātikā 9.klasei;Valmieras novads;Trikātas pamatskola; 41,0   ;6;;2;;1;;2;;;1;
Eksāmens matemātikā 9.klasei;Valmieras novads;Universum mūzikas un mākslas vidusskola; 55,3   ;7;;1;1;;2;;1;;1;1
Eksāmens matemātikā 9.klasei;Valmieras novads;Valmieras 2. vidusskola; 39,2   ;35;6;5;5;4;1;3;3;7;;1
Eksāmens matemātikā 9.klasei;Valmieras novads;Valmieras 5. vidusskola; 35,4   ;51;3;11;10;9;5;3;4;3;3;
Eksāmens matemātikā 9.klasei;Valmieras novads;Valmieras Pārgaujas Valsts ģimnāzija; 64,7   ;86;;;3;5;11;15;12;17;14;9
Eksāmens matemātikā 9.klasei;Valmieras novads;Valmieras Valsts ģimnāzija; 58,8   ;67;1;1;4;11;9;7;7;13;5;9
Eksāmens matemātikā 9.klasei;Valmieras novads;Valmieras Viestura vidusskola; 46,9   ;75;;6;12;11;14;11;6;10;4;1
Eksāmens matemātikā 9.klasei;Varakļānu novads;Varakļānu vidusskola; 59,8   ;31;;;3;4;5;3;3;5;6;2
Eksāmens matemātikā 9.klasei;Ventspils;Ventspils 1. pamatskola; 44,8   ;44;1;7;8;6;5;5;2;4;3;3
Eksāmens matemātikā 9.klasei;Ventspils;Ventspils 2. pamatskola; 46,1   ;39;1;7;2;4;8;5;3;5;3;1
Eksāmens matemātikā 9.klasei;Ventspils;Ventspils 2. vidusskola; 48,0   ;44;4;5;4;4;2;11;3;3;6;2
Eksāmens matemātikā 9.klasei;Ventspils;Ventspils 3. pamatskola; 41,3   ;25;1;2;6;5;4;1;;4;1;1
Eksāmens matemātikā 9.klasei;Ventspils;Ventspils 4. vidusskola; 69,1   ;52;;;1;4;3;6;12;6;14;6
Eksāmens matemātikā 9.klasei;Ventspils;Ventspils 6. vidusskola; 38,9   ;55;5;4;9;10;12;5;7;1;1;1
Eksāmens matemātikā 9.klasei;Ventspils;Ventspils Pārventas pamatskola; 28,7   ;29;2;7;9;5;3;2;;;1;
Eksāmens matemātikā 9.klasei;Ventspils;Ventspils Valsts 1. ģimnāzija; 73,6   ;57;;;1;2;4;5;6;16;7;16
Eksāmens matemātikā 9.klasei;Ventspils novads;Piltenes pamatskola; 51,2   ;15;;1;3;2;1;2;2;2;2;
Eksāmens matemātikā 9.klasei;Ventspils novads;Popes pamatskola; 49,4   ;7;;;1;2;1;1;;1;;1
Eksāmens matemātikā 9.klasei;Ventspils novads;Puzes pamatskola; 37,7   ;10;;2;2;2;2;;1;;1;
Eksāmens matemātikā 9.klasei;Ventspils novads;Tārgales pamatskola; 33,9   ;13;1;4;1;1;2;2;2;;;
Eksāmens matemātikā 9.klasei;Ventspils novads;Ugāles vidusskola; 50,8   ;17;;1;2;3;2;2;3;3;;1
Eksāmens matemātikā 9.klasei;Ventspils novads;Užavas pamatskola; 56,8   ;6;;1;1;;;1;;1;1;1
Eksāmens matemātikā 9.klasei;Ventspils novads;Zūru pamatskola; 41,0   ;21;1;3;6;2;;2;5;1;1;
